trade_id,symbol,timestamp,action,price,direction,nanpin_count,avg_price,sl_price,exit_reason,entry_diff,exit_diff,buy_ratio,peak_profit_pips
1,USD_JPY,2025-11-04 16:00:00,ENTRY_SHORT,153.392,-1,1,153.392,154.44,,0.118,0.454,42.47,0.0
1,USD_JPY,2025-11-05 02:00:00,NANPIN_SHORT,153.541,-1,2,153.4665,154.442,,3.156,2.476,46.06,0.0
1,USD_JPY,2025-11-05 11:00:00,EXIT,153.206,0,2,153.4665,154.442,ATR_TRAIL,3.145,2.586,46.15,42.5
2,USD_JPY,2025-11-06 02:00:00,ENTRY_LONG,154.089,1,1,154.089,153.228,,-0.133,0.073,41.83,0.0
2,USD_JPY,2025-11-06 14:00:00,EXIT,153.851,0,1,154.089,153.228,SECONDARY,0.088,-0.191,43.95,4.8
3,USD_JPY,2025-11-06 14:00:00,ENTRY_SHORT,153.851,-1,1,153.851,154.734,,0.088,-0.191,43.95,0.0
3,USD_JPY,2025-11-07 04:00:00,EXIT,153.075,0,1,153.851,154.734,ATR_TRAIL,4.226,2.521,50.01,90.2
6,USD_JPY,2025-11-10 12:00:00,ENTRY_LONG,153.974,1,1,153.974,153.088,,-0.146,-0.36,44.07,0.0
6,USD_JPY,2025-11-11 12:00:00,EXIT,154.25,0,1,153.974,153.088,ATR_TRAIL,-2.882,-2.231,40.51,43.0
7,USD_JPY,2025-11-13 20:00:00,ENTRY_SHORT,154.71,-1,1,154.71,155.59,,0.425,0.442,44.98,0.0
7,USD_JPY,2025-11-14 01:00:00,EXIT,154.331,0,1,154.71,155.59,ATR_TRAIL,1.441,1.222,46.1,53.8
10,USD_JPY,2025-11-21 19:00:00,ENTRY_SHORT,156.624,-1,1,156.624,157.636,,0.037,0.409,39.99,0.0
10,USD_JPY,2025-11-22 01:00:00,EXIT,156.732,0,1,156.624,157.636,FRI_CLOSE,1.559,1.452,41.79,25.0
13,USD_JPY,2025-12-02 20:00:00,ENTRY_LONG,155.966,1,1,155.966,155.078,,-0.171,-0.591,45.96,0.0
13,USD_JPY,2025-12-03 01:00:00,NANPIN_LONG,155.821,1,2,155.8935,155.072,,-1.185,-1.336,44.93,0.0
13,USD_JPY,2025-12-03 22:00:00,EXIT,155.336,0,2,155.8935,155.072,PRIMARY,0.878,0.136,48.54,8.3
16,USD_JPY,2025-12-05 22:00:00,ENTRY_LONG,155.217,1,1,155.217,154.348,,-0.232,-0.418,47.83,0.0
16,USD_JPY,2025-12-06 01:00:00,EXIT,155.43,0,1,155.217,154.348,FRI_CLOSE,-0.895,-0.932,47.31,5.6
20,USD_JPY,2025-12-11 08:00:00,ENTRY_SHORT,155.773,-1,1,155.773,156.602,,0.146,0.292,47.9,0.0
20,USD_JPY,2025-12-11 11:00:00,NANPIN_SHORT,155.622,-1,2,155.6975,156.626,,1.158,1.028,48.32,0.0
20,USD_JPY,2025-12-12 00:00:00,EXIT,155.103,0,2,155.6975,156.626,ATR_TRAIL,2.324,1.896,50.88,78.2
21,USD_JPY,2025-12-12 22:00:00,ENTRY_LONG,155.994,1,1,155.994,155.196,,-0.064,0.15,46.33,0.0
21,USD_JPY,2025-12-13 01:00:00,EXIT,155.718,0,1,155.994,155.196,FRI_CLOSE,-0.497,-0.309,46.72,0.0
22,USD_JPY,2025-12-15 13:00:00,ENTRY_SHORT,155.283,-1,1,155.283,156.106,,0.402,-0.076,49.64,0.0
22,USD_JPY,2025-12-15 16:00:00,NANPIN_SHORT,155.179,-1,2,155.231,156.113,,1.493,0.619,50.92,0.0
22,USD_JPY,2025-12-16 01:00:00,NANPIN_SHORT,155.256,-1,3,155.23933,156.142,,3.388,2.165,52.25,0.0
22,USD_JPY,2025-12-16 12:00:00,EXIT,154.826,0,3,155.23933,156.142,ATR_TRAIL,1.479,0.948,50.12,48.7
23,USD_JPY,2025-12-17 17:00:00,ENTRY_LONG,155.516,1,1,155.516,154.668,,-0.439,-0.435,47.48,0.0
23,USD_JPY,2025-12-17 19:00:00,NANPIN_LONG,155.513,1,2,155.5145,154.614,,-1.452,-1.091,46.28,0.0
23,USD_JPY,2025-12-17 22:00:00,NANPIN_LONG,155.498,1,3,155.509,154.588,,-2.759,-2.003,44.72,0.0
23,USD_JPY,2025-12-18 20:00:00,EXIT,155.832,0,3,155.509,154.588,ATR_TRAIL,-2.551,-1.891,45.22,45.7
30,USD_JPY,2025-12-23 11:00:00,ENTRY_SHORT,156.416,-1,1,156.416,157.202,,0.381,0.878,46.2,0.0
30,USD_JPY,2025-12-23 21:00:00,EXIT,155.956,0,1,156.416,157.202,ATR_TRAIL,4.402,3.647,50.03,42.9
31,USD_JPY,2025-12-29 08:00:00,ENTRY_LONG,156.416,1,1,156.416,155.635,,-0.051,-0.414,48.17,0.0
31,USD_JPY,2025-12-29 16:00:00,EXIT,156.162,0,1,156.416,155.635,PRIMARY,0.877,0.002,50.07,0.0
33,USD_JPY,2025-12-31 07:00:00,ENTRY_LONG,156.384,1,1,156.384,155.55,,-0.003,-0.208,49.16,0.0
33,USD_JPY,2026-01-01 00:00:00,EXIT,156.936,0,1,156.384,155.55,ATR_TRAIL,-1.879,-1.658,47.3,52.8
36,USD_JPY,2026-01-05 21:00:00,ENTRY_SHORT,156.576,-1,1,156.576,157.499,,0.588,0.272,51.19,0.0
36,USD_JPY,2026-01-06 05:00:00,EXIT,156.228,0,1,156.576,157.499,ATR_TRAIL,2.186,1.565,51.79,46.1
37,USD_JPY,2026-01-08 08:00:00,ENTRY_LONG,156.692,1,1,156.692,155.85,,-0.055,-0.159,49.66,0.0
37,USD_JPY,2026-01-09 20:00:00,EXIT,157.626,0,1,156.692,155.85,ATR_TRAIL,-6.543,-4.354,39.85,100.9
39,USD_JPY,2026-01-14 20:00:00,ENTRY_SHORT,158.748,-1,1,158.748,159.566,,0.139,0.63,45.27,0.0
39,USD_JPY,2026-01-15 02:00:00,EXIT,158.287,0,1,158.748,159.566,ATR_TRAIL,3.216,2.732,48.52,59.2
41,USD_JPY,2026-01-22 13:00:00,ENTRY_LONG,158.642,1,1,158.642,157.797,,-0.158,-0.514,47.83,0.0
41,USD_JPY,2026-01-22 19:00:00,NANPIN_LONG,158.751,1,2,158.6965,157.786,,-2.701,-2.098,44.78,0.0
41,USD_JPY,2026-01-23 06:00:00,EXIT,158.382,0,2,158.6965,157.786,PRIMARY,1.111,0.159,50.66,17.8
42,USD_JPY,2026-01-23 17:00:00,ENTRY_LONG,158.346,1,1,158.346,157.286,,-0.381,-0.234,46.69,0.0
42,USD_JPY,2026-01-24 00:00:00,NANPIN_LONG,158.2,1,2,158.273,157.266,,-1.663,-1.164,45.63,0.0
42,USD_JPY,2026-01-24 01:00:00,EXIT,157.974,0,2,158.273,157.266,FRI_CLOSE,-1.748,-1.239,46.14,13.4
45,USD_JPY,2026-01-30 12:00:00,ENTRY_LONG,153.839,1,1,153.839,153.106,,-0.222,-0.288,51.26,0.0
45,USD_JPY,2026-01-30 14:00:00,NANPIN_LONG,153.898,1,2,153.8685,153.071,,-1.361,-1.014,50.35,0.0
45,USD_JPY,2026-01-31 00:00:00,EXIT,154.644,0,2,153.8685,153.071,ATR_TRAIL,-1.857,-1.587,49.59,52.8
48,USD_JPY,2026-02-09 09:00:00,ENTRY_SHORT,156.981,-1,1,156.981,157.738,,0.188,0.428,50.24,0.0
48,USD_JPY,2026-02-10 00:00:00,EXIT,155.832,0,1,156.981,157.738,ATR_TRAIL,2.196,1.728,52.58,128.1
52,USD_JPY,2026-02-16 21:00:00,ENTRY_LONG,153.34,1,1,153.34,152.525,,-0.036,-0.551,54.86,0.0
52,USD_JPY,2026-02-17 18:00:00,EXIT,152.866,0,1,153.34,152.525,PRIMARY,1.352,0.21,59.23,18.5
54,USD_JPY,2026-02-18 02:00:00,ENTRY_LONG,153.481,1,1,153.481,152.62,,-0.097,-0.304,55.34,0.0
54,USD_JPY,2026-02-19 08:00:00,EXIT,154.747,0,1,153.481,152.62,ATR_TRAIL,-3.028,-2.177,52.22,135.4
57,USD_JPY,2026-02-26 16:00:00,ENTRY_SHORT,156.142,-1,1,156.142,156.904,,0.274,0.473,52.09,0.0
57,USD_JPY,2026-02-27 14:00:00,EXIT,155.748,0,1,156.142,156.904,ATR_TRAIL,-0.137,0.34,51.2,46.4
60,USD_JPY,2026-03-04 23:00:00,ENTRY_SHORT,157.28,-1,1,157.28,158.11,,0.109,0.628,47.93,0.0
60,USD_JPY,2026-03-05 10:00:00,EXIT,156.593,0,1,157.28,158.11,ATR_TRAIL,2.215,2.09,50.49,68.8
61,USD_JPY,2026-03-05 21:00:00,ENTRY_LONG,157.345,1,1,157.345,156.595,,-0.0,0.557,46.77,0.0
61,USD_JPY,2026-03-06 15:00:00,EXIT,157.804,0,1,157.345,156.595,ATR_TRAIL,-2.308,-1.483,43.69,40.1
63,USD_JPY,2026-03-10 09:00:00,ENTRY_SHORT,157.682,-1,1,157.682,158.444,,0.315,0.578,46.02,0.0
63,USD_JPY,2026-03-10 17:00:00,NANPIN_SHORT,157.387,-1,2,157.5345,158.552,,1.738,1.648,48.17,0.0
63,USD_JPY,2026-03-11 21:00:00,EXIT,158.552,0,2,157.5345,158.552,SL,-0.689,-0.131,43.53,29.2
66,USD_JPY,2026-03-16 18:00:00,ENTRY_SHORT,159.329,-1,1,159.329,160.174,,0.006,0.558,41.4,0.0
66,USD_JPY,2026-03-17 10:00:00,NANPIN_SHORT,159.432,-1,2,159.3805,160.227,,2.185,2.298,42.88,0.0
66,USD_JPY,2026-03-18 00:00:00,EXIT,159.01,0,2,159.3805,160.227,ATR_TRAIL,3.007,2.285,44.86,47.3
69,USD_JPY,2026-03-19 00:00:00,ENTRY_LONG,159.456,1,1,159.456,158.634,,-0.433,-0.034,39.05,0.0
69,USD_JPY,2026-03-19 02:00:00,NANPIN_LONG,159.473,1,2,159.4645,158.56,,-1.64,-0.911,38.55,0.0
69,USD_JPY,2026-03-19 06:00:00,EXIT,159.828,0,2,159.4645,158.56,ATR_TRAIL,-3.023,-2.077,37.3,42.1
70,USD_JPY,2026-03-19 22:00:00,ENTRY_SHORT,158.822,-1,1,158.822,159.074,,0.421,-0.22,43.29,0.0
70,USD_JPY,2026-03-20 06:00:00,EXIT,157.736,0,1,158.822,159.074,ATR_TRAIL,5.604,3.603,49.13,57.4
72,USD_JPY,2026-03-24 00:00:00,ENTRY_SHORT,158.358,-1,1,158.358,159.554,,0.396,-0.397,45.06,0.0
72,USD_JPY,2026-03-24 04:00:00,EXIT,158.199,0,1,158.358,159.554,ATR_TRAIL,1.76,0.744,45.63,62.8
73,USD_JPY,2026-03-25 15:00:00,ENTRY_LONG,159.012,1,1,159.012,158.155,,-0.375,-0.356,41.85,0.0
73,USD_JPY,2026-03-26 08:00:00,EXIT,159.389,0,1,159.012,158.155,ATR_TRAIL,-2.538,-1.8,39.74,46.9
75,USD_JPY,2026-03-30 22:00:00,ENTRY_SHORT,159.368,-1,1,159.368,160.38,,0.526,0.786,40.9,0.0
75,USD_JPY,2026-03-31 02:00:00,NANPIN_SHORT,159.545,-1,2,159.4565,160.421,,1.861,1.913,41.68,0.0
75,USD_JPY,2026-04-01 09:00:00,EXIT,158.486,0,2,159.4565,160.421,ATR_TRAIL,6.24,4.444,47.97,96.3
81,USD_JPY,2026-04-02 21:00:00,ENTRY_LONG,159.643,1,1,159.643,158.783,,-0.563,-0.79,39.85,0.0
81,USD_JPY,2026-04-04 01:00:00,EXIT,159.646,0,1,159.643,158.783,FRI_CLOSE,-0.541,-0.801,41.95,4.1
88,USD_JPY,2026-04-08 10:00:00,ENTRY_SHORT,158.478,-1,1,158.478,159.259,,0.473,0.097,45.55,0.0
88,USD_JPY,2026-04-08 11:00:00,NANPIN_SHORT,158.51,-1,2,158.494,159.285,,1.869,0.96,47.47,0.0
88,USD_JPY,2026-04-08 12:00:00,NANPIN_SHORT,158.427,-1,3,158.47167,159.3,,3.192,1.818,48.77,0.0
88,USD_JPY,2026-04-08 18:00:00,NANPIN_SHORT,158.348,-1,4,158.44075,159.342,,7.76,5.37,51.48,0.0
88,USD_JPY,2026-04-08 22:00:00,EXIT,157.978,0,4,158.44075,159.342,ATR_TRAIL,8.64,6.241,53.3,42.8
89,USD_JPY,2026-04-10 11:00:00,ENTRY_LONG,159.175,1,1,159.175,158.31,,-0.225,-0.695,43.85,0.0
89,USD_JPY,2026-04-10 21:00:00,NANPIN_LONG,159.161,1,2,159.168,158.306,,-1.639,-1.852,43.74,0.0
89,USD_JPY,2026-04-11 01:00:00,EXIT,159.267,0,2,159.168,158.306,FRI_CLOSE,-1.347,-1.628,43.12,18.1
90,USD_JPY,2026-04-14 10:00:00,ENTRY_SHORT,159.174,-1,1,159.174,160.063,,0.016,-0.081,44.21,0.0
90,USD_JPY,2026-04-14 22:00:00,EXIT,158.774,0,1,159.174,160.063,ATR_TRAIL,5.381,3.838,51.33,49.8
91,USD_JPY,2026-04-16 19:00:00,ENTRY_LONG,159.061,1,1,159.061,158.173,,-0.12,-0.512,45.6,0.0
91,USD_JPY,2026-04-17 15:00:00,EXIT,159.478,0,1,159.061,158.173,ATR_TRAIL,-3.83,-3.028,40.67,45.7
92,USD_JPY,2026-04-17 23:00:00,ENTRY_SHORT,157.904,-1,1,157.904,158.702,,0.93,-0.287,51.87,0.0
92,USD_JPY,2026-04-18 00:00:00,NANPIN_SHORT,158.084,-1,2,157.994,158.953,,2.48,0.694,53.98,0.0
92,USD_JPY,2026-04-18 01:00:00,EXIT,158.054,0,2,157.994,158.953,FRI_CLOSE,3.564,1.469,53.78,0.0
95,USD_JPY,2026-04-20 20:00:00,ENTRY_LONG,158.862,1,1,158.862,157.99,,-0.075,-0.057,46.81,0.0
95,USD_JPY,2026-04-20 23:00:00,EXIT,158.724,0,1,158.862,157.99,PRIMARY,0.557,0.174,49.08,4.0
96,USD_JPY,2026-04-21 14:00:00,ENTRY_LONG,158.9,1,1,158.9,158.058,,-0.012,-0.045,46.61,0.0
96,USD_JPY,2026-04-22 02:00:00,EXIT,159.558,0,1,158.9,158.058,ATR_TRAIL,-3.798,-2.639,40.64,55.8
98,USD_JPY,2026-04-28 21:00:00,ENTRY_LONG,159.706,1,1,159.706,158.614,,-0.662,-0.084,40.9,0.0
98,USD_JPY,2026-04-29 23:00:00,EXIT,160.102,0,1,159.706,158.614,ATR_TRAIL,-6.026,-3.866,33.15,72.2
99,USD_JPY,2026-04-30 21:00:00,ENTRY_SHORT,156.674,-1,1,156.674,157.674,,0.98,-0.224,51.28,0.0
99,USD_JPY,2026-04-30 22:00:00,NANPIN_SHORT,156.797,-1,2,156.7355,157.774,,4.09,1.791,54.4,0.0
99,USD_JPY,2026-05-01 07:00:00,EXIT,156.626,0,2,156.7355,157.774,ATR_TRAIL,13.809,10.18,57.95,46.0
101,USD_JPY,2026-05-04 19:00:00,ENTRY_LONG,157.148,1,1,157.148,156.266,,-0.327,-0.764,44.44,0.0
101,USD_JPY,2026-05-04 22:00:00,NANPIN_LONG,157.062,1,2,157.105,156.17,,-1.43,-1.617,43.89,0.0
101,USD_JPY,2026-05-06 07:00:00,EXIT,157.874,0,2,157.105,156.17,ATR_TRAIL,-2.657,-2.089,41.58,83.9
103,USD_JPY,2026-05-06 14:00:00,ENTRY_SHORT,156.32,-1,1,156.32,157.172,,0.805,0.037,52.7,0.0
103,USD_JPY,2026-05-06 15:00:00,NANPIN_SHORT,156.386,-1,2,156.353,157.242,,3.247,1.45,55.74,0.0
103,USD_JPY,2026-05-06 20:00:00,EXIT,155.932,0,2,156.353,157.242,ATR_TRAIL,9.624,6.032,59.22,59.9
105,USD_JPY,2026-05-08 11:00:00,ENTRY_LONG,156.914,1,1,156.914,156.042,,-0.259,-0.904,47.63,0.0
105,USD_JPY,2026-05-08 23:00:00,EXIT,156.624,0,1,156.914,156.042,PRIMARY,1.923,0.239,53.17,0.0
106,USD_JPY,2026-05-11 12:00:00,ENTRY_LONG,157.158,1,1,157.158,156.309,,-0.534,-0.666,47.17,0.0
106,USD_JPY,2026-05-12 14:00:00,EXIT,157.68,0,1,157.158,156.309,ATR_TRAIL,-4.672,-3.26,42.39,45.4
112,USD_JPY,2026-05-20 06:00:00,ENTRY_SHORT,159.08,-1,1,159.08,159.916,,0.298,0.656,40.29,0.0
112,USD_JPY,2026-05-21 17:00:00,EXIT,158.978,0,1,159.08,159.916,PRIMARY,-0.912,-0.061,37.34,23.0
113,USD_JPY,2026-05-22 08:00:00,ENTRY_SHORT,159.004,-1,1,159.004,159.878,,0.272,-0.028,40.61,0.0
113,USD_JPY,2026-05-22 16:00:00,EXIT,159.126,0,1,159.004,159.878,SECONDARY,-0.043,0.156,38.2,0.0
114,USD_JPY,2026-05-22 16:00:00,ENTRY_LONG,159.126,1,1,159.126,158.282,,-0.043,0.156,38.2,0.0
114,USD_JPY,2026-05-23 01:00:00,EXIT,159.188,0,1,159.126,158.282,FRI_CLOSE,-1.105,-0.523,35.77,6.7
116,USD_JPY,2026-05-25 10:00:00,ENTRY_SHORT,158.8,-1,1,158.8,159.728,,0.735,0.317,42.3,0.0
116,USD_JPY,2026-05-25 12:00:00,NANPIN_SHORT,158.874,-1,2,158.837,159.736,,1.761,1.021,42.07,0.0
116,USD_JPY,2026-05-25 15:00:00,NANPIN_SHORT,158.914,-1,3,158.86267,159.757,,2.984,1.929,43.44,0.0
116,USD_JPY,2026-05-26 05:00:00,NANPIN_SHORT,158.918,-1,4,158.8765,159.779,,4.005,2.876,44.54,0.0
116,USD_JPY,2026-05-26 18:00:00,EXIT,159.19,0,4,158.8765,159.779,PRIMARY,-0.569,-0.094,36.04,2.6
118,USD_JPY,2026-05-26 18:00:00,ENTRY_LONG,159.19,1,1,159.19,158.311,,-0.569,-0.094,36.04,0.0
118,USD_JPY,2026-05-28 13:00:00,EXIT,159.566,0,1,159.19,158.311,ATR_TRAIL,-4.034,-2.549,32.62,45.7
119,USD_JPY,2026-05-28 21:00:00,ENTRY_SHORT,159.431,-1,1,159.431,160.22,,0.191,0.19,38.68,0.0
119,USD_JPY,2026-05-30 01:00:00,EXIT,159.24,0,1,159.431,160.22,FRI_CLOSE,2.583,1.968,42.27,20.6
120,USD_JPY,2026-06-01 23:00:00,ENTRY_LONG,159.711,1,1,159.711,158.872,,-1.152,-0.767,33.8,0.0
120,USD_JPY,2026-06-02 00:00:00,NANPIN_LONG,159.65,1,2,159.6805,158.811,,-2.164,-1.365,33.47,0.0
120,USD_JPY,2026-06-02 05:00:00,NANPIN_LONG,159.682,1,3,159.681,158.822,,-3.429,-2.445,34.14,0.0
120,USD_JPY,2026-06-03 21:00:00,EXIT,159.854,0,3,159.681,158.822,PRIMARY,-0.408,0.0,36.43,29.9
123,USD_JPY,2026-06-04 22:00:00,ENTRY_SHORT,159.87,-1,1,159.87,160.767,,0.221,0.447,36.89,0.0
123,USD_JPY,2026-06-05 02:00:00,EXIT,159.994,0,1,159.87,160.767,PRIMARY,-1.487,-0.297,31.67,0.0
125,USD_JPY,2026-06-05 21:00:00,ENTRY_SHORT,159.887,-1,1,159.887,161.064,,0.118,0.316,36.41,0.0
125,USD_JPY,2026-06-05 22:00:00,EXIT,160.166,0,1,159.887,161.064,DELTA,-0.407,0.105,32.39,6.9
126,USD_JPY,2026-06-05 22:00:00,ENTRY_LONG,160.166,1,1,160.166,159.295,,-0.407,0.105,32.39,0.0
126,USD_JPY,2026-06-06 01:00:00,EXIT,160.298,0,1,160.166,159.295,FRI_CLOSE,-3.272,-1.432,27.66,12.6
128,USD_JPY,2026-06-08 21:00:00,ENTRY_SHORT,159.968,-1,1,159.968,160.81,,0.448,0.337,36.25,0.0
128,USD_JPY,2026-06-08 23:00:00,NANPIN_SHORT,160.174,-1,2,160.071,160.926,,1.937,1.394,37.6,0.0
128,USD_JPY,2026-06-10 03:00:00,EXIT,160.345,0,2,160.071,160.926,PRIMARY,-1.201,-0.265,30.71,0.0
132,USD_JPY,2026-06-12 05:00:00,ENTRY_SHORT,159.854,-1,1,159.854,160.82,,0.85,0.634,35.9,0.0
132,USD_JPY,2026-06-12 07:00:00,NANPIN_SHORT,160.052,-1,2,159.953,160.869,,2.531,1.746,36.69,0.0
132,USD_JPY,2026-06-12 10:00:00,NANPIN_SHORT,160.182,-1,3,160.02933,161.116,,3.882,2.836,37.1,0.0
132,USD_JPY,2026-06-13 01:00:00,EXIT,160.216,0,3,160.02933,161.116,FRI_CLOSE,3.585,2.945,36.01,2.0
135,USD_JPY,2026-06-16 08:00:00,ENTRY_LONG,160.284,1,1,160.284,159.398,,-0.154,-0.201,32.56,0.0
135,USD_JPY,2026-06-17 17:00:00,EXIT,160.248,0,1,160.284,159.398,PRIMARY,0.913,0.225,35.94,22.1
136,USD_JPY,2026-06-18 06:00:00,ENTRY_LONG,160.646,1,1,160.646,159.758,,-0.811,-0.17,29.92,0.0
136,USD_JPY,2026-06-18 11:00:00,NANPIN_LONG,160.632,1,2,160.639,159.731,,-4.145,-2.553,28.26,0.0
136,USD_JPY,2026-06-19 04:00:00,EXIT,161.778,0,2,160.639,159.731,ATR_TRAIL,-5.07,-3.519,26.69,108.4
138,USD_JPY,2026-06-23 20:00:00,ENTRY_SHORT,161.497,-1,1,161.497,162.44,,0.06,0.438,30.76,0.0
138,USD_JPY,2026-06-24 18:00:00,EXIT,161.762,0,1,161.497,162.44,PRIMARY,-0.95,-0.153,27.4,6.6
139,USD_JPY,2026-06-25 10:00:00,ENTRY_SHORT,161.618,-1,1,161.618,162.567,,0.003,0.085,29.86,0.0
139,USD_JPY,2026-06-25 12:00:00,EXIT,161.716,0,1,161.618,162.567,PRIMARY,-0.333,-0.022,28.51,0.3
140,USD_JPY,2026-06-26 01:00:00,ENTRY_SHORT,161.682,-1,1,161.682,162.619,,0.01,0.019,31.15,0.0
140,USD_JPY,2026-06-27 01:00:00,EXIT,161.739,0,1,161.682,162.619,FRI_CLOSE,2.947,2.22,32.53,22.5
144,USD_JPY,2026-06-29 14:00:00,ENTRY_LONG,161.796,1,1,161.796,160.952,,-0.095,0.024,29.31,0.0
144,USD_JPY,2026-06-30 15:00:00,EXIT,162.258,0,1,161.796,160.952,ATR_TRAIL,-2.416,-1.756,26.42,49.0
146,USD_JPY,2026-07-01 21:00:00,ENTRY_SHORT,162.695,-1,1,162.695,163.548,,0.156,0.243,28.81,0.0
146,USD_JPY,2026-07-02 18:00:00,EXIT,161.25,0,1,162.695,163.548,ATR_TRAIL,5.28,3.745,37.04,167.2
148,USD_JPY,2026-07-06 19:00:00,ENTRY_LONG,162.298,1,1,162.298,161.46,,-0.111,-1.014,33.71,0.0
148,USD_JPY,2026-07-07 00:00:00,NANPIN_LONG,162.342,1,2,162.32,161.436,,-1.256,-1.918,33.38,0.0
148,USD_JPY,2026-07-07 14:00:00,EXIT,161.884,0,2,162.32,161.436,PRIMARY,1.58,0.087,37.64,8.8
150,USD_JPY,2026-07-08 19:00:00,ENTRY_LONG,162.438,1,1,162.438,161.628,,-0.131,-0.475,34.33,0.0
150,USD_JPY,2026-07-09 09:00:00,NANPIN_LONG,162.374,1,2,162.406,161.596,,-1.613,-1.601,34.21,0.0
150,USD_JPY,2026-07-09 19:00:00,EXIT,162.442,0,2,162.406,161.596,PRIMARY,0.703,0.063,36.78,19.4
153,USD_JPY,2026-07-14 01:00:00,ENTRY_LONG,162.38,1,1,162.38,161.603,,-0.249,-0.588,36.38,0.0
153,USD_JPY,2026-07-14 03:00:00,NANPIN_LONG,162.47,1,2,162.425,161.511,,-1.495,-1.403,35.47,0.0
153,USD_JPY,2026-07-14 09:00:00,NANPIN_LONG,162.452,1,3,162.434,161.534,,-2.837,-2.546,35.1,0.0
5,EUR_JPY,2025-11-07 21:00:00,ENTRY_LONG,177.02,1,1,177.02,176.27,,-0.043,-0.415,37.62,0.0
5,EUR_JPY,2025-11-08 01:00:00,EXIT,177.288,0,1,177.02,176.27,FRI_CLOSE,-0.443,-0.89,36.04,54.0
9,EUR_JPY,2025-11-21 10:00:00,ENTRY_SHORT,181.552,-1,1,181.552,182.282,,0.029,0.559,28.32,0.0
9,EUR_JPY,2025-11-22 01:00:00,EXIT,180.258,0,1,181.552,182.282,FRI_CLOSE,1.821,1.329,33.42,155.7
25,EUR_JPY,2025-12-18 08:00:00,ENTRY_LONG,182.71,1,1,182.71,181.924,,-0.046,-0.704,38.25,0.0
25,EUR_JPY,2025-12-18 19:00:00,EXIT,182.818,0,1,182.71,181.924,DELTA,-0.865,0.338,39.46,52.7
26,EUR_JPY,2025-12-19 04:00:00,ENTRY_SHORT,182.428,-1,1,182.428,183.0,,0.074,0.907,41.8,0.0
26,EUR_JPY,2025-12-19 12:00:00,EXIT,183.0,0,1,182.428,183.0,SL,0.611,-0.38,40.18,0.0
28,EUR_JPY,2025-12-19 18:00:00,ENTRY_LONG,183.922,1,1,183.922,183.47,,-0.088,-1.841,36.51,0.0
28,EUR_JPY,2025-12-20 01:00:00,EXIT,184.524,0,1,183.922,183.47,FRI_CLOSE,-1.593,-1.45,34.51,47.8
34,EUR_JPY,2026-01-02 09:00:00,ENTRY_LONG,184.186,1,1,184.186,183.416,,-0.041,-0.448,41.95,0.0
34,EUR_JPY,2026-01-02 17:00:00,EXIT,184.09,0,1,184.186,183.416,ATR_TRAIL,-0.658,0.358,43.29,32.9
35,EUR_JPY,2026-01-02 23:00:00,ENTRY_SHORT,183.882,-1,1,183.882,184.62,,0.072,0.836,44.72,0.0
35,EUR_JPY,2026-01-03 01:00:00,EXIT,184.0,0,1,183.882,184.62,FRI_CLOSE,0.252,0.622,44.83,0.0
43,EUR_JPY,2026-01-26 09:00:00,ENTRY_SHORT,183.752,-1,1,183.752,184.316,,0.209,1.771,46.28,0.0
43,EUR_JPY,2026-01-27 00:00:00,EXIT,182.658,0,1,183.752,184.316,ATR_TRAIL,4.003,0.28,50.08,153.5
46,EUR_JPY,2026-02-03 13:00:00,ENTRY_SHORT,183.553,-1,1,183.553,184.186,,0.025,0.174,48.17,0.0
46,EUR_JPY,2026-02-03 22:00:00,EXIT,183.858,0,1,183.553,184.186,PRIMARY,0.234,-0.033,48.01,0.0
47,EUR_JPY,2026-02-04 09:00:00,ENTRY_LONG,184.14,1,1,184.14,183.684,,-0.032,-0.367,47.12,0.0
47,EUR_JPY,2026-02-05 04:00:00,EXIT,185.071,0,1,184.14,183.684,PRIMARY,-1.694,0.137,45.03,87.8
50,EUR_JPY,2026-02-10 16:00:00,ENTRY_SHORT,185.024,-1,1,185.024,185.912,,0.064,0.698,46.05,0.0
50,EUR_JPY,2026-02-12 11:00:00,EXIT,181.412,0,1,185.024,185.912,PRIMARY,4.811,-0.002,54.11,405.6
55,EUR_JPY,2026-02-20 06:00:00,ENTRY_SHORT,182.575,-1,1,182.575,183.116,,0.026,0.639,54.24,0.0
55,EUR_JPY,2026-02-20 12:00:00,EXIT,182.428,0,1,182.575,183.116,PRIMARY,0.24,-0.011,53.3,5.5
59,EUR_JPY,2026-03-03 09:00:00,ENTRY_SHORT,183.918,-1,1,183.918,184.833,,0.022,0.425,49.33,0.0
59,EUR_JPY,2026-03-04 02:00:00,EXIT,182.87,0,1,183.918,184.833,DELTA,2.542,0.526,53.15,174.1
62,EUR_JPY,2026-03-09 22:00:00,ENTRY_LONG,183.173,1,1,183.173,182.624,,-0.033,-0.759,49.46,0.0
62,EUR_JPY,2026-03-10 04:00:00,EXIT,183.454,0,1,183.173,182.624,PRIMARY,-0.321,0.036,50.37,10.2
67,EUR_JPY,2026-03-17 05:00:00,ENTRY_LONG,183.064,1,1,183.064,182.34,,-0.009,-1.045,48.24,0.0
67,EUR_JPY,2026-03-17 21:00:00,EXIT,183.116,0,1,183.064,182.34,PRIMARY,-1.233,0.093,48.51,28.2
71,EUR_JPY,2026-03-20 22:00:00,ENTRY_LONG,183.496,1,1,183.496,182.88,,-0.063,-0.826,47.15,0.0
71,EUR_JPY,2026-03-21 01:00:00,EXIT,184.054,0,1,183.496,182.88,FRI_CLOSE,-0.516,-1.118,45.71,28.7
76,EUR_JPY,2026-03-31 10:00:00,ENTRY_SHORT,183.53,-1,1,183.53,183.978,,0.118,0.63,46.9,0.0
76,EUR_JPY,2026-03-31 11:00:00,EXIT,183.252,0,1,183.53,183.978,DELTA,0.056,-0.548,43.83,16.6
77,EUR_JPY,2026-03-31 13:00:00,ENTRY_LONG,183.154,1,1,183.154,182.428,,-0.022,-0.956,44.14,0.0
77,EUR_JPY,2026-03-31 21:00:00,EXIT,183.297,0,1,183.154,182.428,PRIMARY,0.225,0.141,45.68,24.4
78,EUR_JPY,2026-04-01 01:00:00,ENTRY_LONG,183.384,1,1,183.384,182.792,,-0.067,-0.992,42.85,0.0
78,EUR_JPY,2026-04-01 13:00:00,EXIT,183.654,0,1,183.384,182.792,PRIMARY,-0.824,0.192,44.0,29.2
80,EUR_JPY,2026-04-02 16:00:00,ENTRY_SHORT,184.034,-1,1,184.034,184.651,,0.059,2.314,47.86,0.0
80,EUR_JPY,2026-04-02 21:00:00,EXIT,183.979,0,1,184.034,184.651,DELTA,0.269,-1.845,39.54,19.8
82,EUR_JPY,2026-04-02 22:00:00,ENTRY_LONG,183.914,1,1,183.914,183.208,,-0.076,-2.748,38.98,0.0
82,EUR_JPY,2026-04-03 06:00:00,EXIT,184.103,0,1,183.914,183.208,DELTA,-1.141,0.868,45.24,30.4
84,EUR_JPY,2026-04-03 14:00:00,ENTRY_SHORT,184.038,-1,1,184.038,184.838,,0.159,0.992,46.13,0.0
84,EUR_JPY,2026-04-03 22:00:00,EXIT,184.038,0,1,184.038,184.838,DELTA,0.317,-1.473,40.11,20.0
85,EUR_JPY,2026-04-04 00:00:00,ENTRY_LONG,183.892,1,1,183.892,183.278,,-0.177,-2.025,40.28,0.0
85,EUR_JPY,2026-04-04 01:00:00,EXIT,183.886,0,1,183.892,183.278,FRI_CLOSE,-0.364,-1.745,40.58,0.0
93,EUR_JPY,2026-04-17 23:00:00,ENTRY_SHORT,186.798,-1,1,186.798,187.13,,0.011,0.768,31.97,0.0
93,EUR_JPY,2026-04-18 01:00:00,EXIT,186.532,0,1,186.798,187.13,FRI_CLOSE,0.424,1.56,34.39,0.0
108,EUR_JPY,2026-05-14 04:00:00,ENTRY_SHORT,184.861,-1,1,184.861,185.515,,0.017,0.213,47.91,0.0
108,EUR_JPY,2026-05-14 07:00:00,EXIT,184.938,0,1,184.861,185.515,PRIMARY,0.102,-0.035,47.45,0.0
109,EUR_JPY,2026-05-14 14:00:00,ENTRY_LONG,184.995,1,1,184.995,184.267,,-0.087,-0.628,45.74,0.0
109,EUR_JPY,2026-05-14 21:00:00,EXIT,184.815,0,1,184.995,184.267,PRIMARY,-0.243,0.026,46.84,5.3
110,EUR_JPY,2026-05-15 04:00:00,ENTRY_SHORT,184.778,-1,1,184.778,185.466,,0.079,0.584,48.34,0.0
110,EUR_JPY,2026-05-15 12:00:00,EXIT,184.702,0,1,184.778,185.466,PRIMARY,0.438,-0.022,47.77,17.6
111,EUR_JPY,2026-05-19 02:00:00,ENTRY_LONG,185.174,1,1,185.174,184.461,,-0.104,-0.712,45.8,0.0
111,EUR_JPY,2026-05-19 15:00:00,EXIT,185.166,0,1,185.174,184.461,PRIMARY,-0.954,0.051,46.13,5.7
115,EUR_JPY,2026-05-22 18:00:00,ENTRY_LONG,184.58,1,1,184.58,183.978,,-0.0,-0.129,47.69,0.0
115,EUR_JPY,2026-05-22 20:00:00,EXIT,184.517,0,1,184.58,183.978,PRIMARY,0.019,0.097,48.14,0.0
122,EUR_JPY,2026-06-03 21:00:00,ENTRY_SHORT,185.608,-1,1,185.608,186.166,,0.018,0.57,45.39,0.0
122,EUR_JPY,2026-06-04 06:00:00,EXIT,185.651,0,1,185.608,186.166,PRIMARY,0.564,-0.016,45.01,0.0
130,EUR_JPY,2026-06-11 07:00:00,ENTRY_LONG,185.09,1,1,185.09,184.462,,-0.027,-0.1,46.78,0.0
130,EUR_JPY,2026-06-11 17:00:00,EXIT,185.259,0,1,185.09,184.462,ATR_TRAIL,-0.228,-0.041,46.87,32.1
131,EUR_JPY,2026-06-12 00:00:00,ENTRY_SHORT,184.92,-1,1,184.92,185.47,,0.051,0.613,48.78,0.0
131,EUR_JPY,2026-06-12 07:00:00,EXIT,185.24,0,1,184.92,185.47,PRIMARY,0.436,-0.056,47.94,6.5
134,EUR_JPY,2026-06-12 16:00:00,ENTRY_LONG,185.442,1,1,185.442,184.745,,-0.011,-0.391,46.55,0.0
134,EUR_JPY,2026-06-13 01:00:00,EXIT,185.375,0,1,185.442,184.745,FRI_CLOSE,-0.431,-0.405,45.92,5.9
142,EUR_JPY,2026-06-27 00:00:00,ENTRY_LONG,184.367,1,1,184.367,183.702,,-0.04,-1.039,49.41,0.0
142,EUR_JPY,2026-06-27 01:00:00,EXIT,184.242,0,1,184.367,183.702,FRI_CLOSE,-0.127,-0.703,49.96,0.0
143,EUR_JPY,2026-06-29 11:00:00,ENTRY_SHORT,184.248,-1,1,184.248,184.89,,0.001,0.281,51.64,0.0
143,EUR_JPY,2026-06-29 16:00:00,EXIT,184.583,0,1,184.248,184.89,PRIMARY,0.058,-0.019,51.28,6.2
145,EUR_JPY,2026-06-29 18:00:00,ENTRY_LONG,184.514,1,1,184.514,183.954,,-0.034,-0.347,50.63,0.0
145,EUR_JPY,2026-06-30 13:00:00,EXIT,184.815,0,1,184.514,183.954,ATR_TRAIL,-1.589,-0.537,47.69,49.8
147,EUR_JPY,2026-07-02 13:00:00,ENTRY_SHORT,184.924,-1,1,184.924,185.612,,0.074,0.301,50.32,0.0
147,EUR_JPY,2026-07-02 21:00:00,EXIT,184.177,0,1,184.924,185.612,ATR_TRAIL,0.956,0.619,51.65,106.6
151,EUR_JPY,2026-07-10 21:00:00,ENTRY_SHORT,184.99,-1,1,184.99,185.572,,0.095,0.505,49.0,0.0
151,EUR_JPY,2026-07-11 01:00:00,EXIT,184.598,0,1,184.99,185.572,FRI_CLOSE,0.599,0.744,50.43,40.4
4,EUR_USD,2025-11-06 22:00:00,ENTRY_LONG,1.15342,1,1,1.15342,1.14856,,-0.077,-0.75,40.62,0.0
4,EUR_USD,2025-11-07 14:00:00,NANPIN_LONG,1.15368,1,2,1.15355,1.14841,,-3.185,-3.567,35.94,0.0
4,EUR_USD,2025-11-08 01:00:00,EXIT,1.15795,0,2,1.15355,1.14841,FRI_CLOSE,-3.834,-3.802,30.88,38.6
8,EUR_USD,2025-11-19 02:00:00,ENTRY_SHORT,1.15725,-1,1,1.15725,1.16256,,0.063,0.743,32.55,0.0
8,EUR_USD,2025-11-19 12:00:00,NANPIN_SHORT,1.15806,-1,2,1.15766,1.16338,,0.678,1.166,32.26,0.0
8,EUR_USD,2025-11-20 23:00:00,EXIT,1.15339,0,2,1.15766,1.16338,ATR_TRAIL,6.006,5.689,43.58,68.7
11,EUR_USD,2025-11-26 05:00:00,ENTRY_LONG,1.15717,1,1,1.15717,1.1515,,-0.034,-0.949,32.84,0.0
11,EUR_USD,2025-11-26 08:00:00,NANPIN_LONG,1.15694,1,2,1.15706,1.15148,,-0.648,-1.535,33.78,0.0
11,EUR_USD,2025-11-26 22:00:00,NANPIN_LONG,1.1581,1,3,1.1574,1.15025,,-1.561,-1.918,36.93,0.0
11,EUR_USD,2025-11-27 11:00:00,EXIT,1.16098,0,3,1.1574,1.15025,DELTA,-2.195,-2.28,37.46,48.4
12,EUR_USD,2025-11-27 23:00:00,ENTRY_SHORT,1.1595,-1,1,1.1595,1.16451,,0.034,0.375,39.47,0.0
12,EUR_USD,2025-11-29 00:00:00,NANPIN_SHORT,1.15818,-1,2,1.15884,1.16574,,1.711,1.784,41.63,0.0
12,EUR_USD,2025-11-29 01:00:00,EXIT,1.15954,0,2,1.15884,1.16574,FRI_CLOSE,1.706,1.749,40.5,35.9
14,EUR_USD,2025-12-03 17:00:00,ENTRY_LONG,1.16393,1,1,1.16393,1.15941,,-0.13,-0.425,34.31,0.0
14,EUR_USD,2025-12-05 08:00:00,NANPIN_LONG,1.1642,1,2,1.16406,1.15934,,-0.998,-0.552,38.21,0.0
14,EUR_USD,2025-12-05 11:00:00,EXIT,1.1652,0,2,1.16406,1.15934,PRIMARY,-0.437,0.064,39.98,36.1
15,EUR_USD,2025-12-05 16:00:00,ENTRY_SHORT,1.16667,-1,1,1.16667,1.1713,,0.053,0.515,39.11,0.0
15,EUR_USD,2025-12-06 01:00:00,EXIT,1.16326,0,1,1.16667,1.1713,FRI_CLOSE,0.357,0.671,39.33,16.6
17,EUR_USD,2025-12-08 12:00:00,ENTRY_LONG,1.16526,1,1,1.16526,1.16002,,-0.046,0.064,35.9,0.0
17,EUR_USD,2025-12-08 19:00:00,EXIT,1.16527,0,1,1.16526,1.16002,PRIMARY,-0.092,0.004,37.71,10.6
18,EUR_USD,2025-12-09 00:00:00,ENTRY_SHORT,1.16294,-1,1,1.16294,1.16751,,0.022,0.13,38.46,0.0
18,EUR_USD,2025-12-09 04:00:00,NANPIN_SHORT,1.16382,-1,2,1.16338,1.16894,,0.623,0.801,39.65,0.0
18,EUR_USD,2025-12-11 05:00:00,EXIT,1.16894,0,2,1.16338,1.16894,SL,0.243,0.04,36.0,8.4
19,EUR_USD,2025-12-11 07:00:00,ENTRY_LONG,1.16928,1,1,1.16928,1.16453,,-0.108,-0.356,34.23,0.0
19,EUR_USD,2025-12-11 11:00:00,NANPIN_LONG,1.17011,1,2,1.16969,1.16439,,-0.719,-1.0,34.09,0.0
19,EUR_USD,2025-12-12 10:00:00,EXIT,1.1745,0,2,1.16969,1.16439,ATR_TRAIL,-2.87,-2.863,30.81,61.8
24,EUR_USD,2025-12-18 06:00:00,ENTRY_LONG,1.17396,1,1,1.17396,1.16901,,-0.087,0.144,31.19,0.0
24,EUR_USD,2025-12-18 22:00:00,EXIT,1.17321,0,1,1.17396,1.16901,PRIMARY,-0.22,0.012,35.67,6.7
27,EUR_USD,2025-12-19 04:00:00,ENTRY_SHORT,1.17227,-1,1,1.17227,1.17752,,0.018,0.248,34.63,0.0
27,EUR_USD,2025-12-20 01:00:00,EXIT,1.17181,0,1,1.17227,1.17752,FRI_CLOSE,0.351,0.425,33.21,17.5
29,EUR_USD,2025-12-23 07:00:00,ENTRY_LONG,1.17601,1,1,1.17601,1.17092,,-0.024,-0.15,32.43,0.0
29,EUR_USD,2025-12-24 21:00:00,EXIT,1.17896,0,1,1.17601,1.17092,ATR_TRAIL,-1.002,-0.825,31.86,46.1
32,EUR_USD,2025-12-31 05:00:00,ENTRY_SHORT,1.17492,-1,1,1.17492,1.1794,,0.028,0.244,33.44,0.0
32,EUR_USD,2025-12-31 20:00:00,NANPIN_SHORT,1.1741,-1,2,1.17451,1.17972,,1.264,1.43,35.41,0.0
32,EUR_USD,2026-01-03 01:00:00,EXIT,1.17452,0,2,1.17451,1.17972,FRI_CLOSE,1.574,1.577,36.13,24.5
38,EUR_USD,2026-01-13 04:00:00,ENTRY_LONG,1.16735,1,1,1.16735,1.16221,,-0.062,-0.969,39.38,0.0
38,EUR_USD,2026-01-13 22:00:00,EXIT,1.16509,0,1,1.16735,1.16221,PRIMARY,0.387,0.055,43.45,0.0
40,EUR_USD,2026-01-20 01:00:00,ENTRY_LONG,1.16434,1,1,1.16434,1.1592,,-0.147,-0.809,39.98,0.0
40,EUR_USD,2026-01-20 08:00:00,NANPIN_LONG,1.16404,1,2,1.16419,1.15894,,-1.374,-1.964,38.81,0.0
40,EUR_USD,2026-01-21 04:00:00,EXIT,1.17234,0,2,1.16419,1.15894,ATR_TRAIL,-5.185,-5.315,30.66,98.2
44,EUR_USD,2026-01-29 09:00:00,ENTRY_SHORT,1.19804,-1,1,1.19804,1.20236,,0.093,1.086,35.08,0.0
44,EUR_USD,2026-01-29 13:00:00,NANPIN_SHORT,1.19878,-1,2,1.19841,1.204,,0.707,1.613,35.86,0.0
44,EUR_USD,2026-01-31 01:00:00,EXIT,1.18802,0,2,1.19841,1.204,FRI_CLOSE,1.476,1.426,37.26,86.6
49,EUR_USD,2026-02-09 18:00:00,ENTRY_LONG,1.18688,1,1,1.18688,1.18122,,-0.138,-0.906,37.99,0.0
49,EUR_USD,2026-02-10 21:00:00,EXIT,1.19072,0,1,1.18688,1.18122,ATR_TRAIL,-3.692,-3.605,33.68,58.2
51,EUR_USD,2026-02-12 16:00:00,ENTRY_SHORT,1.18712,-1,1,1.18712,1.1923,,0.058,0.537,39.07,0.0
51,EUR_USD,2026-02-14 01:00:00,EXIT,1.18684,0,1,1.18712,1.1923,FRI_CLOSE,0.439,0.535,39.22,24.7
53,EUR_USD,2026-02-17 02:00:00,ENTRY_SHORT,1.18492,-1,1,1.18492,1.18982,,0.03,0.119,39.22,0.0
53,EUR_USD,2026-02-18 05:00:00,NANPIN_SHORT,1.18476,-1,2,1.18484,1.1901,,1.337,1.218,38.76,0.0
53,EUR_USD,2026-02-21 00:00:00,EXIT,1.1794,0,2,1.18484,1.1901,ATR_TRAIL,3.006,2.395,45.72,98.2
56,EUR_USD,2026-02-25 18:00:00,ENTRY_LONG,1.17887,1,1,1.17887,1.1738,,-0.0,-0.289,41.71,0.0
56,EUR_USD,2026-02-28 01:00:00,EXIT,1.18161,0,1,1.17887,1.1738,FRI_CLOSE,-0.578,-0.537,40.59,39.4
58,EUR_USD,2026-03-02 21:00:00,ENTRY_SHORT,1.17209,-1,1,1.17209,1.17538,,0.001,0.229,42.91,0.0
58,EUR_USD,2026-03-03 02:00:00,NANPIN_SHORT,1.17024,-1,2,1.17117,1.17572,,0.83,1.119,48.07,0.0
58,EUR_USD,2026-03-04 03:00:00,EXIT,1.16055,0,2,1.17117,1.17572,ATR_TRAIL,3.842,3.741,49.6,138.0
64,EUR_USD,2026-03-10 11:00:00,ENTRY_LONG,1.16247,1,1,1.16247,1.15632,,-0.032,-0.569,46.33,0.0
64,EUR_USD,2026-03-11 04:00:00,EXIT,1.16218,0,1,1.16247,1.15632,ATR_TRAIL,-1.208,-1.45,45.95,47.3
65,EUR_USD,2026-03-12 08:00:00,ENTRY_SHORT,1.15461,-1,1,1.15461,1.15928,,0.008,0.19,49.86,0.0
65,EUR_USD,2026-03-12 15:00:00,NANPIN_SHORT,1.15471,-1,2,1.15466,1.15979,,0.765,0.957,50.06,0.0
65,EUR_USD,2026-03-13 22:00:00,EXIT,1.1476,0,2,1.15466,1.15979,ATR_TRAIL,2.764,2.505,52.4,100.2
68,EUR_USD,2026-03-17 10:00:00,ENTRY_LONG,1.14887,1,1,1.14887,1.1443,,-0.035,-0.663,49.42,0.0
68,EUR_USD,2026-03-18 21:00:00,EXIT,1.15288,0,1,1.14887,1.1443,ATR_TRAIL,-2.849,-2.727,43.83,53.7
74,EUR_USD,2026-03-26 15:00:00,ENTRY_SHORT,1.15554,-1,1,1.15554,1.16166,,0.022,0.442,45.18,0.0
74,EUR_USD,2026-03-28 01:00:00,EXIT,1.15198,0,1,1.15554,1.16166,FRI_CLOSE,1.471,1.635,47.51,58.9
79,EUR_USD,2026-04-01 02:00:00,ENTRY_LONG,1.15548,1,1,1.15548,1.149,,-0.234,-0.717,40.2,0.0
79,EUR_USD,2026-04-02 03:00:00,EXIT,1.15854,0,1,1.15548,1.149,ATR_TRAIL,-5.692,-5.57,31.56,82.6
83,EUR_USD,2026-04-03 12:00:00,ENTRY_SHORT,1.15356,-1,1,1.15356,1.15864,,0.04,0.858,43.89,0.0
83,EUR_USD,2026-04-04 01:00:00,EXIT,1.15196,0,1,1.15356,1.15864,FRI_CLOSE,-0.102,0.241,39.17,15.2
86,EUR_USD,2026-04-06 07:00:00,ENTRY_SHORT,1.15114,-1,1,1.15114,1.1565,,0.095,0.433,45.3,0.0
86,EUR_USD,2026-04-06 09:00:00,EXIT,1.15176,0,1,1.15114,1.1565,DELTA,0.141,0.456,39.65,5.2
87,EUR_USD,2026-04-06 12:00:00,ENTRY_LONG,1.15225,1,1,1.15225,1.1469,,-0.072,0.169,40.07,0.0
87,EUR_USD,2026-04-07 08:00:00,EXIT,1.1542,0,1,1.15225,1.1469,ATR_TRAIL,-1.278,-1.046,39.46,45.5
94,EUR_USD,2026-04-20 11:00:00,ENTRY_SHORT,1.17598,-1,1,1.17598,1.1807,,0.175,0.859,31.13,0.0
94,EUR_USD,2026-04-20 22:00:00,NANPIN_SHORT,1.17706,-1,2,1.17652,1.18252,,0.795,1.233,29.33,0.0
94,EUR_USD,2026-04-22 14:00:00,EXIT,1.17547,0,2,1.17652,1.18252,ATR_TRAIL,2.069,2.133,32.64,40.5
97,EUR_USD,2026-04-28 03:00:00,ENTRY_LONG,1.17228,1,1,1.17228,1.16701,,-0.048,-0.742,31.76,0.0
97,EUR_USD,2026-04-28 17:00:00,EXIT,1.17028,0,1,1.17228,1.16701,PRIMARY,0.372,0.053,35.11,3.0
100,EUR_USD,2026-05-01 14:00:00,ENTRY_LONG,1.17247,1,1,1.17247,1.16726,,-0.047,-0.442,32.85,0.0
100,EUR_USD,2026-05-02 01:00:00,EXIT,1.17507,0,1,1.17247,1.16726,FRI_CLOSE,-1.196,-1.563,28.16,44.8
102,EUR_USD,2026-05-05 02:00:00,ENTRY_SHORT,1.16942,-1,1,1.16942,1.17436,,0.02,0.234,39.01,0.0
102,EUR_USD,2026-05-05 22:00:00,NANPIN_SHORT,1.17008,-1,2,1.16975,1.17476,,2.833,2.851,40.38,0.0
102,EUR_USD,2026-05-06 17:00:00,EXIT,1.17476,0,2,1.16975,1.17476,SL,0.606,-0.019,33.08,15.8
104,EUR_USD,2026-05-06 20:00:00,ENTRY_LONG,1.17834,1,1,1.17834,1.172,,-0.302,-1.0,28.25,0.0
104,EUR_USD,2026-05-06 23:00:00,NANPIN_LONG,1.17503,1,2,1.17668,1.17052,,-0.965,-1.642,30.83,0.0
104,EUR_USD,2026-05-09 01:00:00,EXIT,1.17766,0,2,1.17668,1.17052,FRI_CLOSE,-2.399,-2.258,27.63,16.3
107,EUR_USD,2026-05-12 22:00:00,ENTRY_SHORT,1.1739,-1,1,1.1739,1.178,,0.121,0.704,35.79,0.0
107,EUR_USD,2026-05-13 02:00:00,NANPIN_SHORT,1.17326,-1,2,1.17358,1.17834,,1.194,1.829,40.8,0.0
107,EUR_USD,2026-05-13 07:00:00,NANPIN_SHORT,1.17387,-1,3,1.17368,1.17897,,1.799,2.284,36.26,0.0
107,EUR_USD,2026-05-15 19:00:00,EXIT,1.16386,0,3,1.17368,1.17897,ATR_TRAIL,6.442,5.492,51.6,106.4
117,EUR_USD,2026-05-25 14:00:00,ENTRY_LONG,1.16428,1,1,1.16428,1.15892,,-0.077,-0.651,46.38,0.0
117,EUR_USD,2026-05-25 22:00:00,NANPIN_LONG,1.16447,1,2,1.16437,1.15888,,-0.838,-1.321,44.99,0.0
117,EUR_USD,2026-05-28 07:00:00,NANPIN_LONG,1.16301,1,3,1.16392,1.15762,,-1.439,-1.367,44.3,0.0
117,EUR_USD,2026-05-30 01:00:00,EXIT,1.16696,0,3,1.16392,1.15762,FRI_CLOSE,-1.954,-1.631,39.66,43.4
121,EUR_USD,2026-06-02 01:00:00,ENTRY_SHORT,1.162,-1,1,1.162,1.16798,,0.108,0.665,47.64,0.0
121,EUR_USD,2026-06-04 19:00:00,NANPIN_SHORT,1.1627,-1,2,1.16235,1.16805,,1.453,1.197,45.48,0.0
121,EUR_USD,2026-06-04 23:00:00,EXIT,1.1633,0,2,1.16235,1.16805,PRIMARY,0.333,-0.111,40.92,31.7
124,EUR_USD,2026-06-05 01:00:00,ENTRY_LONG,1.1628,1,1,1.1628,1.15734,,-0.014,-0.475,43.36,0.0
124,EUR_USD,2026-06-05 21:00:00,NANPIN_LONG,1.16387,1,2,1.16334,1.15366,,-0.795,-1.03,41.35,0.0
124,EUR_USD,2026-06-05 22:00:00,EXIT,1.159,0,2,1.16334,1.15366,DELTA,-0.65,-0.834,47.92,18.2
127,EUR_USD,2026-06-06 00:00:00,ENTRY_SHORT,1.15475,-1,1,1.15475,1.15825,,0.122,0.112,55.55,0.0
127,EUR_USD,2026-06-06 01:00:00,EXIT,1.1525,0,1,1.15475,1.15825,FRI_CLOSE,0.542,0.607,55.41,0.0
129,EUR_USD,2026-06-10 20:00:00,ENTRY_LONG,1.15467,1,1,1.15467,1.14866,,-0.007,-0.498,48.98,0.0
129,EUR_USD,2026-06-12 01:00:00,EXIT,1.15106,0,1,1.15467,1.14866,PRIMARY,0.156,0.075,52.49,26.0
133,EUR_USD,2026-06-12 06:00:00,ENTRY_LONG,1.15785,1,1,1.15785,1.15274,,-0.123,-0.275,45.48,0.0
133,EUR_USD,2026-06-12 09:00:00,NANPIN_LONG,1.157,1,2,1.15742,1.15196,,-0.835,-1.086,43.43,0.0
133,EUR_USD,2026-06-12 13:00:00,NANPIN_LONG,1.1571,1,3,1.15732,1.15216,,-1.582,-1.859,43.46,0.0
133,EUR_USD,2026-06-12 20:00:00,NANPIN_LONG,1.15763,1,4,1.15739,1.15214,,-2.46,-2.632,42.53,0.0
133,EUR_USD,2026-06-13 01:00:00,EXIT,1.15704,0,4,1.15739,1.15214,FRI_CLOSE,-2.588,-2.592,43.61,11.2
137,EUR_USD,2026-06-18 07:00:00,ENTRY_SHORT,1.15017,-1,1,1.15017,1.15546,,0.112,1.077,52.18,0.0
137,EUR_USD,2026-06-18 09:00:00,NANPIN_SHORT,1.15111,-1,2,1.15064,1.15655,,0.859,1.854,52.81,0.0
137,EUR_USD,2026-06-18 11:00:00,NANPIN_SHORT,1.15149,-1,3,1.15092,1.15679,,1.503,2.485,52.75,0.0
137,EUR_USD,2026-06-18 23:00:00,EXIT,1.1477,0,3,1.15092,1.15679,ATR_TRAIL,3.374,3.883,53.46,55.2
141,EUR_USD,2026-06-26 02:00:00,ENTRY_LONG,1.13728,1,1,1.13728,1.13242,,-0.102,-0.96,51.03,0.0
141,EUR_USD,2026-06-26 11:00:00,NANPIN_LONG,1.13551,1,2,1.1364,1.13092,,-0.739,-1.358,51.56,0.0
141,EUR_USD,2026-06-26 23:00:00,EXIT,1.14232,0,2,1.1364,1.13092,ATR_TRAIL,-2.513,-3.0,41.83,60.5
149,EUR_USD,2026-07-08 07:00:00,ENTRY_SHORT,1.14064,-1,1,1.14064,1.1457,,0.124,0.483,47.32,0.0
149,EUR_USD,2026-07-09 00:00:00,EXIT,1.14018,0,1,1.14064,1.1457,PRIMARY,-0.121,-0.028,41.16,11.8
152,EUR_USD,2026-07-13 10:00:00,ENTRY_SHORT,1.13864,-1,1,1.13864,1.14474,,0.062,0.587,46.95,0.0
152,EUR_USD,2026-07-13 13:00:00,NANPIN_SHORT,1.1399,-1,2,1.13927,1.14538,,0.805,1.366,46.65,0.0
152,EUR_USD,2026-07-13 23:00:00,EXIT,1.14068,0,2,1.13927,1.14538,PRIMARY,-0.204,-0.105,37.17,3.1
154,EUR_USD,2026-07-14 02:00:00,ENTRY_SHORT,1.13872,-1,1,1.13872,1.14362,,0.039,0.185,44.6,0.0
154,EUR_USD,2026-07-14 10:00:00,NANPIN_SHORT,1.13891,-1,2,1.13882,1.14389,,1.093,1.315,46.15,0.0
